"","Customer_ID","churnLevel","RevenueLevel"
"1",1013206,"High(0.362-0.814)","High(1090-27321)"
"2",1011538,"High(0.362-0.814)","High(1090-27321)"
"3",1098672,"High(0.362-0.814)","High(1090-27321)"
"4",1013784,"High(0.362-0.814)","High(1090-27321)"
"5",1010577,"High(0.362-0.814)","High(1090-27321)"
"6",1012113,"High(0.362-0.814)","High(1090-27321)"
"7",1007980,"High(0.362-0.814)","High(1090-27321)"
"8",1038685,"High(0.362-0.814)","High(1090-27321)"
"9",1030254,"High(0.362-0.814)","High(1090-27321)"
"10",1002681,"High(0.362-0.814)","High(1090-27321)"
"11",1003055,"High(0.362-0.814)","High(1090-27321)"
"12",1040771,"High(0.362-0.814)","High(1090-27321)"
"13",1008405,"High(0.362-0.814)","High(1090-27321)"
"14",1043149,"High(0.362-0.814)","High(1090-27321)"
"15",1055232,"High(0.362-0.814)","High(1090-27321)"
"16",1028489,"High(0.362-0.814)","High(1090-27321)"
"17",1028257,"High(0.362-0.814)","High(1090-27321)"
"18",1000555,"High(0.362-0.814)","High(1090-27321)"
"19",1009787,"High(0.362-0.814)","High(1090-27321)"
"20",1017304,"High(0.362-0.814)","High(1090-27321)"
"21",1047176,"High(0.362-0.814)","High(1090-27321)"
"22",1025769,"High(0.362-0.814)","High(1090-27321)"
"23",1028234,"High(0.362-0.814)","High(1090-27321)"
"24",1014407,"High(0.362-0.814)","High(1090-27321)"
"25",1029175,"High(0.362-0.814)","High(1090-27321)"
"26",1005270,"High(0.362-0.814)","High(1090-27321)"
"27",1006829,"High(0.362-0.814)","High(1090-27321)"
"28",1019528,"High(0.362-0.814)","High(1090-27321)"
"29",1099625,"High(0.362-0.814)","High(1090-27321)"
"30",1025628,"High(0.362-0.814)","High(1090-27321)"
"31",1004217,"High(0.362-0.814)","High(1090-27321)"
"32",1079285,"High(0.362-0.814)","High(1090-27321)"
"33",1009836,"High(0.362-0.814)","High(1090-27321)"
"34",1050761,"High(0.362-0.814)","High(1090-27321)"
"35",1017506,"High(0.362-0.814)","High(1090-27321)"
"36",1015900,"High(0.362-0.814)","High(1090-27321)"
"37",1004525,"High(0.362-0.814)","High(1090-27321)"
"38",1070448,"High(0.362-0.814)","High(1090-27321)"
"39",1075605,"High(0.362-0.814)","High(1090-27321)"
"40",1024725,"High(0.362-0.814)","High(1090-27321)"
"41",1081687,"High(0.362-0.814)","High(1090-27321)"
"42",1016232,"High(0.362-0.814)","High(1090-27321)"
"43",1019232,"High(0.362-0.814)","High(1090-27321)"
"44",1054398,"High(0.362-0.814)","High(1090-27321)"
"45",1072800,"High(0.362-0.814)","High(1090-27321)"
"46",1034232,"High(0.362-0.814)","High(1090-27321)"
"47",1019029,"High(0.362-0.814)","High(1090-27321)"
"48",1005286,"High(0.362-0.814)","High(1090-27321)"
"49",1002713,"High(0.362-0.814)","High(1090-27321)"
"50",1045759,"High(0.362-0.814)","High(1090-27321)"
"51",1007283,"High(0.362-0.814)","High(1090-27321)"
"52",1039186,"High(0.362-0.814)","High(1090-27321)"
"53",1057091,"High(0.362-0.814)","High(1090-27321)"
"54",1017818,"High(0.362-0.814)","High(1090-27321)"
"55",1006667,"High(0.362-0.814)","High(1090-27321)"
"56",1039451,"High(0.362-0.814)","High(1090-27321)"
"57",1052723,"High(0.362-0.814)","High(1090-27321)"
"58",1019665,"High(0.362-0.814)","High(1090-27321)"
"59",1040757,"High(0.362-0.814)","High(1090-27321)"
"60",1076390,"High(0.362-0.814)","High(1090-27321)"
"61",1042163,"High(0.362-0.814)","High(1090-27321)"
"62",1000994,"High(0.362-0.814)","High(1090-27321)"
"63",1012742,"High(0.362-0.814)","High(1090-27321)"
"64",1001344,"High(0.362-0.814)","High(1090-27321)"
"65",1026832,"High(0.362-0.814)","High(1090-27321)"
"66",1001689,"High(0.362-0.814)","High(1090-27321)"
"67",1005340,"High(0.362-0.814)","High(1090-27321)"
"68",1030577,"High(0.362-0.814)","High(1090-27321)"
"69",1001753,"High(0.362-0.814)","High(1090-27321)"
"70",1034146,"High(0.362-0.814)","High(1090-27321)"
"71",1012337,"High(0.362-0.814)","High(1090-27321)"
"72",1010312,"High(0.362-0.814)","High(1090-27321)"
"73",1002710,"High(0.362-0.814)","High(1090-27321)"
"74",1014033,"High(0.362-0.814)","High(1090-27321)"
"75",1039919,"High(0.362-0.814)","High(1090-27321)"
"76",1025771,"High(0.362-0.814)","High(1090-27321)"
"77",1081463,"High(0.362-0.814)","High(1090-27321)"
"78",1074235,"High(0.362-0.814)","High(1090-27321)"
"79",1045740,"High(0.362-0.814)","High(1090-27321)"
"80",1058766,"High(0.362-0.814)","High(1090-27321)"
"81",1045065,"High(0.362-0.814)","High(1090-27321)"
"82",1024595,"High(0.362-0.814)","High(1090-27321)"
"83",1079788,"High(0.362-0.814)","High(1090-27321)"
"84",1010455,"High(0.362-0.814)","High(1090-27321)"
"85",1009339,"High(0.362-0.814)","High(1090-27321)"
"86",1005287,"High(0.362-0.814)","High(1090-27321)"
"87",1000691,"High(0.362-0.814)","High(1090-27321)"
"88",1027711,"High(0.362-0.814)","High(1090-27321)"
"89",1048350,"High(0.362-0.814)","High(1090-27321)"
"90",1042777,"High(0.362-0.814)","High(1090-27321)"
"91",1012834,"High(0.362-0.814)","High(1090-27321)"
"92",1003838,"High(0.362-0.814)","High(1090-27321)"
"93",1034676,"High(0.362-0.814)","High(1090-27321)"
"94",1023400,"High(0.362-0.814)","High(1090-27321)"
"95",1043397,"High(0.362-0.814)","High(1090-27321)"
"96",1008233,"High(0.362-0.814)","High(1090-27321)"
"97",1045827,"High(0.362-0.814)","High(1090-27321)"
"98",1034045,"High(0.362-0.814)","High(1090-27321)"
"99",1037774,"High(0.362-0.814)","High(1090-27321)"
"100",1018312,"High(0.362-0.814)","High(1090-27321)"
"101",1046567,"High(0.362-0.814)","High(1090-27321)"
"102",1054453,"High(0.362-0.814)","High(1090-27321)"
"103",1000299,"High(0.362-0.814)","High(1090-27321)"
"104",1006162,"High(0.362-0.814)","High(1090-27321)"
"105",1026555,"High(0.362-0.814)","High(1090-27321)"
"106",1009720,"High(0.362-0.814)","High(1090-27321)"
"107",1034314,"High(0.362-0.814)","High(1090-27321)"
"108",1002806,"High(0.362-0.814)","High(1090-27321)"
"109",1040615,"High(0.362-0.814)","High(1090-27321)"
"110",1099071,"High(0.362-0.814)","High(1090-27321)"
"111",1019079,"High(0.362-0.814)","High(1090-27321)"
"112",1024568,"High(0.362-0.814)","High(1090-27321)"
"113",1098420,"High(0.362-0.814)","High(1090-27321)"
"114",1000887,"High(0.362-0.814)","High(1090-27321)"
"115",1043039,"High(0.362-0.814)","High(1090-27321)"
"116",1038126,"High(0.362-0.814)","High(1090-27321)"
"117",1098798,"High(0.362-0.814)","High(1090-27321)"
"118",1027335,"High(0.362-0.814)","High(1090-27321)"
"119",1011135,"High(0.362-0.814)","High(1090-27321)"
"120",1048140,"High(0.362-0.814)","High(1090-27321)"
"121",1028614,"High(0.362-0.814)","High(1090-27321)"
"122",1001619,"High(0.362-0.814)","High(1090-27321)"
"123",1004186,"High(0.362-0.814)","High(1090-27321)"
"124",1001289,"High(0.362-0.814)","High(1090-27321)"
"125",1000708,"High(0.362-0.814)","High(1090-27321)"
"126",1023734,"High(0.362-0.814)","High(1090-27321)"
"127",1006459,"High(0.362-0.814)","High(1090-27321)"
"128",1026033,"High(0.362-0.814)","High(1090-27321)"
"129",1018076,"High(0.362-0.814)","High(1090-27321)"
"130",1053512,"High(0.362-0.814)","High(1090-27321)"
"131",1003854,"High(0.362-0.814)","High(1090-27321)"
"132",1036715,"High(0.362-0.814)","High(1090-27321)"
"133",1010175,"High(0.362-0.814)","High(1090-27321)"
"134",1006848,"High(0.362-0.814)","High(1090-27321)"
"135",1004923,"High(0.362-0.814)","High(1090-27321)"
"136",1050259,"High(0.362-0.814)","High(1090-27321)"
"137",1006091,"High(0.362-0.814)","High(1090-27321)"
"138",1011216,"High(0.362-0.814)","High(1090-27321)"
"139",1073513,"High(0.362-0.814)","High(1090-27321)"
"140",1005141,"High(0.362-0.814)","High(1090-27321)"
"141",1054321,"High(0.362-0.814)","High(1090-27321)"
"142",1041876,"High(0.362-0.814)","High(1090-27321)"
"143",1004675,"High(0.362-0.814)","High(1090-27321)"
"144",1022407,"High(0.362-0.814)","High(1090-27321)"
"145",1019995,"High(0.362-0.814)","High(1090-27321)"
"146",1015867,"High(0.362-0.814)","High(1090-27321)"
"147",1003616,"High(0.362-0.814)","High(1090-27321)"
"148",1024649,"High(0.362-0.814)","High(1090-27321)"
"149",1039838,"High(0.362-0.814)","High(1090-27321)"
"150",1009404,"High(0.362-0.814)","High(1090-27321)"
"151",1061612,"High(0.362-0.814)","High(1090-27321)"
"152",1059538,"High(0.362-0.814)","High(1090-27321)"
"153",1040727,"High(0.362-0.814)","High(1090-27321)"
"154",1044913,"High(0.362-0.814)","High(1090-27321)"
"155",1058528,"High(0.362-0.814)","High(1090-27321)"
"156",1024506,"High(0.362-0.814)","High(1090-27321)"
"157",1091224,"High(0.362-0.814)","High(1090-27321)"
"158",1098121,"High(0.362-0.814)","High(1090-27321)"
"159",1007787,"High(0.362-0.814)","High(1090-27321)"
"160",1052776,"High(0.362-0.814)","High(1090-27321)"
"161",1007936,"High(0.362-0.814)","High(1090-27321)"
"162",1036870,"High(0.362-0.814)","High(1090-27321)"
"163",1001493,"High(0.362-0.814)","High(1090-27321)"
"164",1045395,"High(0.362-0.814)","High(1090-27321)"
"165",1037106,"High(0.362-0.814)","High(1090-27321)"
"166",1002317,"High(0.362-0.814)","High(1090-27321)"
"167",1018555,"High(0.362-0.814)","High(1090-27321)"
"168",1010936,"High(0.362-0.814)","High(1090-27321)"
"169",1019416,"High(0.362-0.814)","High(1090-27321)"
"170",1043460,"High(0.362-0.814)","High(1090-27321)"
"171",1043526,"High(0.362-0.814)","High(1090-27321)"
"172",1005950,"High(0.362-0.814)","High(1090-27321)"
"173",1009907,"High(0.362-0.814)","High(1090-27321)"
"174",1077167,"High(0.362-0.814)","High(1090-27321)"
"175",1020123,"High(0.362-0.814)","High(1090-27321)"
"176",1018763,"High(0.362-0.814)","High(1090-27321)"
"177",1045780,"High(0.362-0.814)","High(1090-27321)"
"178",1038052,"High(0.362-0.814)","High(1090-27321)"
"179",1000270,"High(0.362-0.814)","High(1090-27321)"
"180",1017666,"High(0.362-0.814)","High(1090-27321)"
"181",1004319,"High(0.362-0.814)","High(1090-27321)"
"182",1020362,"High(0.362-0.814)","High(1090-27321)"
"183",1000663,"High(0.362-0.814)","High(1090-27321)"
"184",1013214,"High(0.362-0.814)","High(1090-27321)"
"185",1014557,"High(0.362-0.814)","High(1090-27321)"
"186",1022731,"High(0.362-0.814)","High(1090-27321)"
"187",1094853,"High(0.362-0.814)","High(1090-27321)"
"188",1037809,"High(0.362-0.814)","High(1090-27321)"
"189",1002723,"High(0.362-0.814)","High(1090-27321)"
"190",1010799,"High(0.362-0.814)","High(1090-27321)"
"191",1056940,"High(0.362-0.814)","High(1090-27321)"
"192",1033266,"High(0.362-0.814)","High(1090-27321)"
"193",1029295,"High(0.362-0.814)","High(1090-27321)"
"194",1049696,"High(0.362-0.814)","High(1090-27321)"
"195",1014614,"High(0.362-0.814)","High(1090-27321)"
"196",1001153,"High(0.362-0.814)","High(1090-27321)"
"197",1044165,"High(0.362-0.814)","High(1090-27321)"
"198",1039846,"High(0.362-0.814)","High(1090-27321)"
"199",1032859,"High(0.362-0.814)","High(1090-27321)"
"200",1064853,"High(0.362-0.814)","High(1090-27321)"
"201",1010723,"High(0.362-0.814)","High(1090-27321)"
"202",1020312,"High(0.362-0.814)","High(1090-27321)"
"203",1002593,"High(0.362-0.814)","High(1090-27321)"
"204",1017783,"High(0.362-0.814)","High(1090-27321)"
"205",1003841,"High(0.362-0.814)","High(1090-27321)"
"206",1015129,"High(0.362-0.814)","High(1090-27321)"
"207",1059291,"High(0.362-0.814)","High(1090-27321)"
"208",1000479,"High(0.362-0.814)","High(1090-27321)"
"209",1059182,"High(0.362-0.814)","High(1090-27321)"
"210",1000004,"High(0.362-0.814)","High(1090-27321)"
"211",1000032,"High(0.362-0.814)","High(1090-27321)"
"212",1000139,"High(0.362-0.814)","High(1090-27321)"
"213",1000147,"High(0.362-0.814)","High(1090-27321)"
"214",1000246,"High(0.362-0.814)","High(1090-27321)"
"215",1000390,"High(0.362-0.814)","High(1090-27321)"
"216",1000454,"High(0.362-0.814)","High(1090-27321)"
"217",1000523,"High(0.362-0.814)","High(1090-27321)"
"218",1000543,"High(0.362-0.814)","High(1090-27321)"
"219",1000599,"High(0.362-0.814)","High(1090-27321)"
"220",1000602,"High(0.362-0.814)","High(1090-27321)"
"221",1000689,"High(0.362-0.814)","High(1090-27321)"
"222",1000781,"High(0.362-0.814)","High(1090-27321)"
"223",1000949,"High(0.362-0.814)","High(1090-27321)"
"224",1000969,"High(0.362-0.814)","High(1090-27321)"
"225",1000995,"High(0.362-0.814)","High(1090-27321)"
"226",1001111,"High(0.362-0.814)","High(1090-27321)"
"227",1001146,"High(0.362-0.814)","High(1090-27321)"
"228",1001184,"High(0.362-0.814)","High(1090-27321)"
"229",1001480,"High(0.362-0.814)","High(1090-27321)"
"230",1001644,"High(0.362-0.814)","High(1090-27321)"
"231",1001646,"High(0.362-0.814)","High(1090-27321)"
"232",1001754,"High(0.362-0.814)","High(1090-27321)"
"233",1001793,"High(0.362-0.814)","High(1090-27321)"
"234",1001856,"High(0.362-0.814)","High(1090-27321)"
"235",1001932,"High(0.362-0.814)","High(1090-27321)"
"236",1001981,"High(0.362-0.814)","High(1090-27321)"
"237",1002066,"High(0.362-0.814)","High(1090-27321)"
"238",1002118,"High(0.362-0.814)","High(1090-27321)"
"239",1002144,"High(0.362-0.814)","High(1090-27321)"
"240",1002180,"High(0.362-0.814)","High(1090-27321)"
"241",1002210,"High(0.362-0.814)","High(1090-27321)"
"242",1002354,"High(0.362-0.814)","High(1090-27321)"
"243",1002422,"High(0.362-0.814)","High(1090-27321)"
"244",1002491,"High(0.362-0.814)","High(1090-27321)"
"245",1002590,"High(0.362-0.814)","High(1090-27321)"
"246",1002854,"High(0.362-0.814)","High(1090-27321)"
"247",1002886,"High(0.362-0.814)","High(1090-27321)"
"248",1002937,"High(0.362-0.814)","High(1090-27321)"
"249",1003136,"High(0.362-0.814)","High(1090-27321)"
"250",1003481,"High(0.362-0.814)","High(1090-27321)"
"251",1003639,"High(0.362-0.814)","High(1090-27321)"
"252",1004085,"High(0.362-0.814)","High(1090-27321)"
"253",1004129,"High(0.362-0.814)","High(1090-27321)"
"254",1004254,"High(0.362-0.814)","High(1090-27321)"
"255",1004777,"High(0.362-0.814)","High(1090-27321)"
"256",1004786,"High(0.362-0.814)","High(1090-27321)"
"257",1004963,"High(0.362-0.814)","High(1090-27321)"
"258",1004971,"High(0.362-0.814)","High(1090-27321)"
"259",1005185,"High(0.362-0.814)","High(1090-27321)"
"260",1005243,"High(0.362-0.814)","High(1090-27321)"
"261",1005374,"High(0.362-0.814)","High(1090-27321)"
"262",1005477,"High(0.362-0.814)","High(1090-27321)"
"263",1005798,"High(0.362-0.814)","High(1090-27321)"
"264",1005872,"High(0.362-0.814)","High(1090-27321)"
"265",1006251,"High(0.362-0.814)","High(1090-27321)"
"266",1006304,"High(0.362-0.814)","High(1090-27321)"
"267",1006307,"High(0.362-0.814)","High(1090-27321)"
"268",1006566,"High(0.362-0.814)","High(1090-27321)"
"269",1006637,"High(0.362-0.814)","High(1090-27321)"
"270",1006694,"High(0.362-0.814)","High(1090-27321)"
"271",1006772,"High(0.362-0.814)","High(1090-27321)"
"272",1006796,"High(0.362-0.814)","High(1090-27321)"
"273",1007229,"High(0.362-0.814)","High(1090-27321)"
"274",1007270,"High(0.362-0.814)","High(1090-27321)"
"275",1007555,"High(0.362-0.814)","High(1090-27321)"
"276",1007563,"High(0.362-0.814)","High(1090-27321)"
"277",1007586,"High(0.362-0.814)","High(1090-27321)"
"278",1007626,"High(0.362-0.814)","High(1090-27321)"
"279",1008027,"High(0.362-0.814)","High(1090-27321)"
"280",1008036,"High(0.362-0.814)","High(1090-27321)"
"281",1008056,"High(0.362-0.814)","High(1090-27321)"
"282",1008148,"High(0.362-0.814)","High(1090-27321)"
"283",1008228,"High(0.362-0.814)","High(1090-27321)"
"284",1008301,"High(0.362-0.814)","High(1090-27321)"
"285",1008340,"High(0.362-0.814)","High(1090-27321)"
"286",1008431,"High(0.362-0.814)","High(1090-27321)"
"287",1008825,"High(0.362-0.814)","High(1090-27321)"
"288",1009006,"High(0.362-0.814)","High(1090-27321)"
"289",1009033,"High(0.362-0.814)","High(1090-27321)"
"290",1009086,"High(0.362-0.814)","High(1090-27321)"
"291",1009111,"High(0.362-0.814)","High(1090-27321)"
"292",1009355,"High(0.362-0.814)","High(1090-27321)"
"293",1009441,"High(0.362-0.814)","High(1090-27321)"
"294",1009542,"High(0.362-0.814)","High(1090-27321)"
"295",1009616,"High(0.362-0.814)","High(1090-27321)"
"296",1009683,"High(0.362-0.814)","High(1090-27321)"
"297",1010257,"High(0.362-0.814)","High(1090-27321)"
"298",1010340,"High(0.362-0.814)","High(1090-27321)"
"299",1010401,"High(0.362-0.814)","High(1090-27321)"
"300",1010589,"High(0.362-0.814)","High(1090-27321)"
"301",1010932,"High(0.362-0.814)","High(1090-27321)"
"302",1011005,"High(0.362-0.814)","High(1090-27321)"
"303",1011120,"High(0.362-0.814)","High(1090-27321)"
"304",1011490,"High(0.362-0.814)","High(1090-27321)"
"305",1011618,"High(0.362-0.814)","High(1090-27321)"
"306",1011660,"High(0.362-0.814)","High(1090-27321)"
"307",1011762,"High(0.362-0.814)","High(1090-27321)"
"308",1011995,"High(0.362-0.814)","High(1090-27321)"
"309",1012087,"High(0.362-0.814)","High(1090-27321)"
"310",1012351,"High(0.362-0.814)","High(1090-27321)"
"311",1012397,"High(0.362-0.814)","High(1090-27321)"
"312",1012730,"High(0.362-0.814)","High(1090-27321)"
"313",1013087,"High(0.362-0.814)","High(1090-27321)"
"314",1013116,"High(0.362-0.814)","High(1090-27321)"
"315",1013179,"High(0.362-0.814)","High(1090-27321)"
"316",1013407,"High(0.362-0.814)","High(1090-27321)"
"317",1013715,"High(0.362-0.814)","High(1090-27321)"
"318",1013752,"High(0.362-0.814)","High(1090-27321)"
"319",1013841,"High(0.362-0.814)","High(1090-27321)"
"320",1013845,"High(0.362-0.814)","High(1090-27321)"
"321",1013906,"High(0.362-0.814)","High(1090-27321)"
"322",1014084,"High(0.362-0.814)","High(1090-27321)"
"323",1014117,"High(0.362-0.814)","High(1090-27321)"
"324",1014206,"High(0.362-0.814)","High(1090-27321)"
"325",1014526,"High(0.362-0.814)","High(1090-27321)"
"326",1014634,"High(0.362-0.814)","High(1090-27321)"
"327",1015008,"High(0.362-0.814)","High(1090-27321)"
"328",1015270,"High(0.362-0.814)","High(1090-27321)"
"329",1015663,"High(0.362-0.814)","High(1090-27321)"
"330",1015753,"High(0.362-0.814)","High(1090-27321)"
"331",1015756,"High(0.362-0.814)","High(1090-27321)"
"332",1016128,"High(0.362-0.814)","High(1090-27321)"
"333",1016314,"High(0.362-0.814)","High(1090-27321)"
"334",1016393,"High(0.362-0.814)","High(1090-27321)"
"335",1016524,"High(0.362-0.814)","High(1090-27321)"
"336",1016615,"High(0.362-0.814)","High(1090-27321)"
"337",1017060,"High(0.362-0.814)","High(1090-27321)"
"338",1017492,"High(0.362-0.814)","High(1090-27321)"
"339",1017548,"High(0.362-0.814)","High(1090-27321)"
"340",1017832,"High(0.362-0.814)","High(1090-27321)"
"341",1017901,"High(0.362-0.814)","High(1090-27321)"
"342",1017970,"High(0.362-0.814)","High(1090-27321)"
"343",1018371,"High(0.362-0.814)","High(1090-27321)"
"344",1018536,"High(0.362-0.814)","High(1090-27321)"
"345",1018737,"High(0.362-0.814)","High(1090-27321)"
"346",1018950,"High(0.362-0.814)","High(1090-27321)"
"347",1019015,"High(0.362-0.814)","High(1090-27321)"
"348",1019090,"High(0.362-0.814)","High(1090-27321)"
"349",1019154,"High(0.362-0.814)","High(1090-27321)"
"350",1019340,"High(0.362-0.814)","High(1090-27321)"
"351",1019520,"High(0.362-0.814)","High(1090-27321)"
"352",1019560,"High(0.362-0.814)","High(1090-27321)"
"353",1019772,"High(0.362-0.814)","High(1090-27321)"
"354",1019886,"High(0.362-0.814)","High(1090-27321)"
"355",1020060,"High(0.362-0.814)","High(1090-27321)"
"356",1020094,"High(0.362-0.814)","High(1090-27321)"
"357",1020212,"High(0.362-0.814)","High(1090-27321)"
"358",1020508,"High(0.362-0.814)","High(1090-27321)"
"359",1020818,"High(0.362-0.814)","High(1090-27321)"
"360",1021082,"High(0.362-0.814)","High(1090-27321)"
"361",1021126,"High(0.362-0.814)","High(1090-27321)"
"362",1021720,"High(0.362-0.814)","High(1090-27321)"
"363",1022546,"High(0.362-0.814)","High(1090-27321)"
"364",1022566,"High(0.362-0.814)","High(1090-27321)"
"365",1022850,"High(0.362-0.814)","High(1090-27321)"
"366",1022864,"High(0.362-0.814)","High(1090-27321)"
"367",1022929,"High(0.362-0.814)","High(1090-27321)"
"368",1022940,"High(0.362-0.814)","High(1090-27321)"
"369",1022942,"High(0.362-0.814)","High(1090-27321)"
"370",1023015,"High(0.362-0.814)","High(1090-27321)"
"371",1023210,"High(0.362-0.814)","High(1090-27321)"
"372",1023381,"High(0.362-0.814)","High(1090-27321)"
"373",1023418,"High(0.362-0.814)","High(1090-27321)"
"374",1023503,"High(0.362-0.814)","High(1090-27321)"
"375",1023535,"High(0.362-0.814)","High(1090-27321)"
"376",1023587,"High(0.362-0.814)","High(1090-27321)"
"377",1024271,"High(0.362-0.814)","High(1090-27321)"
"378",1024413,"High(0.362-0.814)","High(1090-27321)"
"379",1024442,"High(0.362-0.814)","High(1090-27321)"
"380",1024531,"High(0.362-0.814)","High(1090-27321)"
"381",1024592,"High(0.362-0.814)","High(1090-27321)"
"382",1024771,"High(0.362-0.814)","High(1090-27321)"
"383",1024787,"High(0.362-0.814)","High(1090-27321)"
"384",1024868,"High(0.362-0.814)","High(1090-27321)"
"385",1025572,"High(0.362-0.814)","High(1090-27321)"
"386",1025612,"High(0.362-0.814)","High(1090-27321)"
"387",1025669,"High(0.362-0.814)","High(1090-27321)"
"388",1025989,"High(0.362-0.814)","High(1090-27321)"
"389",1026432,"High(0.362-0.814)","High(1090-27321)"
"390",1026547,"High(0.362-0.814)","High(1090-27321)"
"391",1027078,"High(0.362-0.814)","High(1090-27321)"
"392",1027132,"High(0.362-0.814)","High(1090-27321)"
"393",1027196,"High(0.362-0.814)","High(1090-27321)"
"394",1027217,"High(0.362-0.814)","High(1090-27321)"
"395",1027301,"High(0.362-0.814)","High(1090-27321)"
"396",1027326,"High(0.362-0.814)","High(1090-27321)"
"397",1027788,"High(0.362-0.814)","High(1090-27321)"
"398",1027985,"High(0.362-0.814)","High(1090-27321)"
"399",1028068,"High(0.362-0.814)","High(1090-27321)"
"400",1028096,"High(0.362-0.814)","High(1090-27321)"
"401",1028302,"High(0.362-0.814)","High(1090-27321)"
"402",1028555,"High(0.362-0.814)","High(1090-27321)"
"403",1028595,"High(0.362-0.814)","High(1090-27321)"
"404",1029430,"High(0.362-0.814)","High(1090-27321)"
"405",1030187,"High(0.362-0.814)","High(1090-27321)"
"406",1030235,"High(0.362-0.814)","High(1090-27321)"
"407",1030407,"High(0.362-0.814)","High(1090-27321)"
"408",1030449,"High(0.362-0.814)","High(1090-27321)"
"409",1030837,"High(0.362-0.814)","High(1090-27321)"
"410",1031270,"High(0.362-0.814)","High(1090-27321)"
"411",1032838,"High(0.362-0.814)","High(1090-27321)"
"412",1032867,"High(0.362-0.814)","High(1090-27321)"
"413",1032984,"High(0.362-0.814)","High(1090-27321)"
"414",1033980,"High(0.362-0.814)","High(1090-27321)"
"415",1034150,"High(0.362-0.814)","High(1090-27321)"
"416",1034710,"High(0.362-0.814)","High(1090-27321)"
"417",1034776,"High(0.362-0.814)","High(1090-27321)"
"418",1035142,"High(0.362-0.814)","High(1090-27321)"
"419",1035258,"High(0.362-0.814)","High(1090-27321)"
"420",1035372,"High(0.362-0.814)","High(1090-27321)"
"421",1035445,"High(0.362-0.814)","High(1090-27321)"
"422",1035645,"High(0.362-0.814)","High(1090-27321)"
"423",1036478,"High(0.362-0.814)","High(1090-27321)"
"424",1036482,"High(0.362-0.814)","High(1090-27321)"
"425",1036557,"High(0.362-0.814)","High(1090-27321)"
"426",1036793,"High(0.362-0.814)","High(1090-27321)"
"427",1037100,"High(0.362-0.814)","High(1090-27321)"
"428",1037222,"High(0.362-0.814)","High(1090-27321)"
"429",1037276,"High(0.362-0.814)","High(1090-27321)"
"430",1037532,"High(0.362-0.814)","High(1090-27321)"
"431",1037551,"High(0.362-0.814)","High(1090-27321)"
"432",1037606,"High(0.362-0.814)","High(1090-27321)"
"433",1037683,"High(0.362-0.814)","High(1090-27321)"
"434",1037687,"High(0.362-0.814)","High(1090-27321)"
"435",1038437,"High(0.362-0.814)","High(1090-27321)"
"436",1038768,"High(0.362-0.814)","High(1090-27321)"
"437",1038805,"High(0.362-0.814)","High(1090-27321)"
"438",1039088,"High(0.362-0.814)","High(1090-27321)"
"439",1039540,"High(0.362-0.814)","High(1090-27321)"
"440",1039811,"High(0.362-0.814)","High(1090-27321)"
"441",1039831,"High(0.362-0.814)","High(1090-27321)"
"442",1039839,"High(0.362-0.814)","High(1090-27321)"
"443",1040772,"High(0.362-0.814)","High(1090-27321)"
"444",1040873,"High(0.362-0.814)","High(1090-27321)"
"445",1041132,"High(0.362-0.814)","High(1090-27321)"
"446",1041716,"High(0.362-0.814)","High(1090-27321)"
"447",1041950,"High(0.362-0.814)","High(1090-27321)"
"448",1042365,"High(0.362-0.814)","High(1090-27321)"
"449",1042876,"High(0.362-0.814)","High(1090-27321)"
"450",1043071,"High(0.362-0.814)","High(1090-27321)"
"451",1043572,"High(0.362-0.814)","High(1090-27321)"
"452",1044242,"High(0.362-0.814)","High(1090-27321)"
"453",1044678,"High(0.362-0.814)","High(1090-27321)"
"454",1044922,"High(0.362-0.814)","High(1090-27321)"
"455",1046246,"High(0.362-0.814)","High(1090-27321)"
"456",1046679,"High(0.362-0.814)","High(1090-27321)"
"457",1046817,"High(0.362-0.814)","High(1090-27321)"
"458",1047226,"High(0.362-0.814)","High(1090-27321)"
"459",1048119,"High(0.362-0.814)","High(1090-27321)"
"460",1048330,"High(0.362-0.814)","High(1090-27321)"
"461",1049759,"High(0.362-0.814)","High(1090-27321)"
"462",1049968,"High(0.362-0.814)","High(1090-27321)"
"463",1050538,"High(0.362-0.814)","High(1090-27321)"
"464",1051105,"High(0.362-0.814)","High(1090-27321)"
"465",1051700,"High(0.362-0.814)","High(1090-27321)"
"466",1052228,"High(0.362-0.814)","High(1090-27321)"
"467",1052792,"High(0.362-0.814)","High(1090-27321)"
"468",1053581,"High(0.362-0.814)","High(1090-27321)"
"469",1054512,"High(0.362-0.814)","High(1090-27321)"
"470",1054596,"High(0.362-0.814)","High(1090-27321)"
"471",1055038,"High(0.362-0.814)","High(1090-27321)"
"472",1055448,"High(0.362-0.814)","High(1090-27321)"
"473",1056589,"High(0.362-0.814)","High(1090-27321)"
"474",1057152,"High(0.362-0.814)","High(1090-27321)"
"475",1057723,"High(0.362-0.814)","High(1090-27321)"
"476",1058325,"High(0.362-0.814)","High(1090-27321)"
"477",1059161,"High(0.362-0.814)","High(1090-27321)"
"478",1060441,"High(0.362-0.814)","High(1090-27321)"
"479",1061147,"High(0.362-0.814)","High(1090-27321)"
"480",1061443,"High(0.362-0.814)","High(1090-27321)"
"481",1061477,"High(0.362-0.814)","High(1090-27321)"
"482",1062348,"High(0.362-0.814)","High(1090-27321)"
"483",1062425,"High(0.362-0.814)","High(1090-27321)"
"484",1062936,"High(0.362-0.814)","High(1090-27321)"
"485",1066623,"High(0.362-0.814)","High(1090-27321)"
"486",1069569,"High(0.362-0.814)","High(1090-27321)"
"487",1070398,"High(0.362-0.814)","High(1090-27321)"
"488",1071267,"High(0.362-0.814)","High(1090-27321)"
"489",1075816,"High(0.362-0.814)","High(1090-27321)"
"490",1075861,"High(0.362-0.814)","High(1090-27321)"
"491",1077817,"High(0.362-0.814)","High(1090-27321)"
"492",1084279,"High(0.362-0.814)","High(1090-27321)"
"493",1084876,"High(0.362-0.814)","High(1090-27321)"
"494",1089164,"High(0.362-0.814)","High(1090-27321)"
"495",1089801,"High(0.362-0.814)","High(1090-27321)"
"496",1090106,"High(0.362-0.814)","High(1090-27321)"
"497",1097695,"High(0.362-0.814)","High(1090-27321)"
"498",1098233,"High(0.362-0.814)","High(1090-27321)"
"499",1098398,"High(0.362-0.814)","High(1090-27321)"
"500",1098494,"High(0.362-0.814)","High(1090-27321)"
"501",1098624,"High(0.362-0.814)","High(1090-27321)"
"502",1098654,"High(0.362-0.814)","High(1090-27321)"
"503",1098657,"High(0.362-0.814)","High(1090-27321)"
"504",1098833,"High(0.362-0.814)","High(1090-27321)"
"505",1098848,"High(0.362-0.814)","High(1090-27321)"
"506",1098873,"High(0.362-0.814)","High(1090-27321)"
"507",1098961,"High(0.362-0.814)","High(1090-27321)"
"508",1099131,"High(0.362-0.814)","High(1090-27321)"
"509",1099383,"High(0.362-0.814)","High(1090-27321)"
"510",1099494,"High(0.362-0.814)","High(1090-27321)"
"511",1060288,"Medium(0.321-0.362)","High(1090-27321)"
"512",1027697,"Medium(0.321-0.362)","High(1090-27321)"
"513",1009195,"Medium(0.321-0.362)","High(1090-27321)"
"514",1003057,"Medium(0.321-0.362)","High(1090-27321)"
"515",1004170,"Medium(0.321-0.362)","High(1090-27321)"
"516",1008110,"Medium(0.321-0.362)","High(1090-27321)"
"517",1021397,"Medium(0.321-0.362)","High(1090-27321)"
"518",1007162,"Medium(0.321-0.362)","High(1090-27321)"
"519",1003322,"Medium(0.321-0.362)","High(1090-27321)"
"520",1028150,"Medium(0.321-0.362)","High(1090-27321)"
"521",1011959,"Medium(0.321-0.362)","High(1090-27321)"
"522",1014998,"Medium(0.321-0.362)","High(1090-27321)"
"523",1046007,"Medium(0.321-0.362)","High(1090-27321)"
"524",1027008,"Medium(0.321-0.362)","High(1090-27321)"
"525",1027306,"Medium(0.321-0.362)","High(1090-27321)"
"526",1005752,"Medium(0.321-0.362)","High(1090-27321)"
"527",1034902,"Medium(0.321-0.362)","High(1090-27321)"
"528",1013520,"Medium(0.321-0.362)","High(1090-27321)"
"529",1078108,"Medium(0.321-0.362)","High(1090-27321)"
"530",1015266,"Medium(0.321-0.362)","High(1090-27321)"
"531",1001697,"Medium(0.321-0.362)","High(1090-27321)"
"532",1008178,"Medium(0.321-0.362)","High(1090-27321)"
"533",1004055,"Medium(0.321-0.362)","High(1090-27321)"
"534",1017741,"Medium(0.321-0.362)","High(1090-27321)"
"535",1024091,"Medium(0.321-0.362)","High(1090-27321)"
"536",1020039,"Medium(0.321-0.362)","High(1090-27321)"
"537",1037678,"Medium(0.321-0.362)","High(1090-27321)"
"538",1039056,"Medium(0.321-0.362)","High(1090-27321)"
"539",1051826,"Medium(0.321-0.362)","High(1090-27321)"
"540",1033559,"Medium(0.321-0.362)","High(1090-27321)"
"541",1031414,"Medium(0.321-0.362)","High(1090-27321)"
"542",1053273,"Medium(0.321-0.362)","High(1090-27321)"
"543",1043176,"Medium(0.321-0.362)","High(1090-27321)"
"544",1019672,"Medium(0.321-0.362)","High(1090-27321)"
"545",1058429,"Medium(0.321-0.362)","High(1090-27321)"
"546",1013178,"Medium(0.321-0.362)","High(1090-27321)"
"547",1024565,"Medium(0.321-0.362)","High(1090-27321)"
"548",1030919,"Medium(0.321-0.362)","High(1090-27321)"
"549",1048974,"Medium(0.321-0.362)","High(1090-27321)"
"550",1010017,"Medium(0.321-0.362)","High(1090-27321)"
"551",1043043,"Medium(0.321-0.362)","High(1090-27321)"
"552",1016811,"Medium(0.321-0.362)","High(1090-27321)"
"553",1007025,"Medium(0.321-0.362)","High(1090-27321)"
"554",1007309,"Medium(0.321-0.362)","High(1090-27321)"
"555",1036135,"Medium(0.321-0.362)","High(1090-27321)"
"556",1022659,"Medium(0.321-0.362)","High(1090-27321)"
"557",1043365,"Medium(0.321-0.362)","High(1090-27321)"
"558",1018040,"Medium(0.321-0.362)","High(1090-27321)"
"559",1098990,"Medium(0.321-0.362)","High(1090-27321)"
"560",1051472,"Medium(0.321-0.362)","High(1090-27321)"
"561",1099166,"Medium(0.321-0.362)","High(1090-27321)"
"562",1023645,"Medium(0.321-0.362)","High(1090-27321)"
"563",1023191,"Medium(0.321-0.362)","High(1090-27321)"
"564",1002219,"Medium(0.321-0.362)","High(1090-27321)"
"565",1010522,"Medium(0.321-0.362)","High(1090-27321)"
"566",1012463,"Medium(0.321-0.362)","High(1090-27321)"
"567",1028114,"Medium(0.321-0.362)","High(1090-27321)"
"568",1009370,"Medium(0.321-0.362)","High(1090-27321)"
"569",1028830,"Medium(0.321-0.362)","High(1090-27321)"
"570",1055430,"Medium(0.321-0.362)","High(1090-27321)"
"571",1010974,"Medium(0.321-0.362)","High(1090-27321)"
"572",1029107,"Medium(0.321-0.362)","High(1090-27321)"
"573",1021300,"Medium(0.321-0.362)","High(1090-27321)"
"574",1012146,"Medium(0.321-0.362)","High(1090-27321)"
"575",1016186,"Medium(0.321-0.362)","High(1090-27321)"
"576",1023108,"Medium(0.321-0.362)","High(1090-27321)"
"577",1008164,"Medium(0.321-0.362)","High(1090-27321)"
"578",1012449,"Medium(0.321-0.362)","High(1090-27321)"
"579",1052543,"Medium(0.321-0.362)","High(1090-27321)"
"580",1008730,"Medium(0.321-0.362)","High(1090-27321)"
"581",1021352,"Medium(0.321-0.362)","High(1090-27321)"
"582",1011328,"Medium(0.321-0.362)","High(1090-27321)"
"583",1024043,"Medium(0.321-0.362)","High(1090-27321)"
"584",1098671,"Medium(0.321-0.362)","High(1090-27321)"
"585",1041627,"Medium(0.321-0.362)","High(1090-27321)"
"586",1002478,"Medium(0.321-0.362)","High(1090-27321)"
"587",1068483,"Medium(0.321-0.362)","High(1090-27321)"
"588",1001033,"Medium(0.321-0.362)","High(1090-27321)"
"589",1009389,"Medium(0.321-0.362)","High(1090-27321)"
"590",1014694,"Medium(0.321-0.362)","High(1090-27321)"
"591",1041928,"Medium(0.321-0.362)","High(1090-27321)"
"592",1005731,"Medium(0.321-0.362)","High(1090-27321)"
"593",1008163,"Medium(0.321-0.362)","High(1090-27321)"
"594",1040503,"Medium(0.321-0.362)","High(1090-27321)"
"595",1033957,"Medium(0.321-0.362)","High(1090-27321)"
"596",1037511,"Medium(0.321-0.362)","High(1090-27321)"
"597",1024619,"Medium(0.321-0.362)","High(1090-27321)"
"598",1010552,"Medium(0.321-0.362)","High(1090-27321)"
"599",1008247,"Medium(0.321-0.362)","High(1090-27321)"
"600",1003216,"Medium(0.321-0.362)","High(1090-27321)"
"601",1002542,"Medium(0.321-0.362)","High(1090-27321)"
"602",1009659,"Medium(0.321-0.362)","High(1090-27321)"
"603",1036533,"Medium(0.321-0.362)","High(1090-27321)"
"604",1001612,"Medium(0.321-0.362)","High(1090-27321)"
"605",1017016,"Medium(0.321-0.362)","High(1090-27321)"
"606",1055581,"Medium(0.321-0.362)","High(1090-27321)"
"607",1053036,"Medium(0.321-0.362)","High(1090-27321)"
"608",1014284,"Medium(0.321-0.362)","High(1090-27321)"
"609",1015961,"Medium(0.321-0.362)","High(1090-27321)"
"610",1008221,"Medium(0.321-0.362)","High(1090-27321)"
"611",1004286,"Medium(0.321-0.362)","High(1090-27321)"
"612",1009097,"Medium(0.321-0.362)","High(1090-27321)"
"613",1005831,"Medium(0.321-0.362)","High(1090-27321)"
"614",1011240,"Medium(0.321-0.362)","High(1090-27321)"
"615",1000702,"Medium(0.321-0.362)","High(1090-27321)"
"616",1042957,"Medium(0.321-0.362)","High(1090-27321)"
"617",1003907,"Medium(0.321-0.362)","High(1090-27321)"
"618",1068576,"Medium(0.321-0.362)","High(1090-27321)"
"619",1005531,"Medium(0.321-0.362)","High(1090-27321)"
"620",1015462,"Medium(0.321-0.362)","High(1090-27321)"
"621",1014498,"Medium(0.321-0.362)","High(1090-27321)"
"622",1010664,"Medium(0.321-0.362)","High(1090-27321)"
"623",1042390,"Medium(0.321-0.362)","High(1090-27321)"
"624",1009892,"Medium(0.321-0.362)","High(1090-27321)"
"625",1045002,"Medium(0.321-0.362)","High(1090-27321)"
"626",1011186,"Medium(0.321-0.362)","High(1090-27321)"
"627",1026568,"Medium(0.321-0.362)","High(1090-27321)"
"628",1020892,"Medium(0.321-0.362)","High(1090-27321)"
"629",1071797,"Medium(0.321-0.362)","High(1090-27321)"
"630",1018334,"Medium(0.321-0.362)","High(1090-27321)"
"631",1020517,"Medium(0.321-0.362)","High(1090-27321)"
"632",1001305,"Medium(0.321-0.362)","High(1090-27321)"
"633",1023166,"Medium(0.321-0.362)","High(1090-27321)"
"634",1043872,"Medium(0.321-0.362)","High(1090-27321)"
"635",1007285,"Medium(0.321-0.362)","High(1090-27321)"
"636",1027539,"Medium(0.321-0.362)","High(1090-27321)"
"637",1036036,"Medium(0.321-0.362)","High(1090-27321)"
"638",1015219,"Medium(0.321-0.362)","High(1090-27321)"
"639",1020931,"Medium(0.321-0.362)","High(1090-27321)"
"640",1014892,"Medium(0.321-0.362)","High(1090-27321)"
"641",1018576,"Medium(0.321-0.362)","High(1090-27321)"
"642",1041137,"Medium(0.321-0.362)","High(1090-27321)"
"643",1015722,"Medium(0.321-0.362)","High(1090-27321)"
"644",1024307,"Medium(0.321-0.362)","High(1090-27321)"
"645",1049068,"Medium(0.321-0.362)","High(1090-27321)"
"646",1064250,"Medium(0.321-0.362)","High(1090-27321)"
"647",1007000,"Medium(0.321-0.362)","High(1090-27321)"
"648",1016326,"Medium(0.321-0.362)","High(1090-27321)"
"649",1025739,"Medium(0.321-0.362)","High(1090-27321)"
"650",1035812,"Medium(0.321-0.362)","High(1090-27321)"
"651",1018558,"Medium(0.321-0.362)","High(1090-27321)"
"652",1010128,"Medium(0.321-0.362)","High(1090-27321)"
"653",1033105,"Medium(0.321-0.362)","High(1090-27321)"
"654",1006057,"Medium(0.321-0.362)","High(1090-27321)"
"655",1041772,"Medium(0.321-0.362)","High(1090-27321)"
"656",1023229,"Medium(0.321-0.362)","High(1090-27321)"
"657",1011359,"Medium(0.321-0.362)","High(1090-27321)"
"658",1042429,"Medium(0.321-0.362)","High(1090-27321)"
"659",1014803,"Medium(0.321-0.362)","High(1090-27321)"
"660",1018420,"Medium(0.321-0.362)","High(1090-27321)"
"661",1026264,"Medium(0.321-0.362)","High(1090-27321)"
"662",1019788,"Medium(0.321-0.362)","High(1090-27321)"
"663",1006568,"Medium(0.321-0.362)","High(1090-27321)"
"664",1005224,"Medium(0.321-0.362)","High(1090-27321)"
"665",1039675,"Medium(0.321-0.362)","High(1090-27321)"
"666",1021922,"Medium(0.321-0.362)","High(1090-27321)"
"667",1056491,"Medium(0.321-0.362)","High(1090-27321)"
"668",1018704,"Medium(0.321-0.362)","High(1090-27321)"
"669",1015487,"Medium(0.321-0.362)","High(1090-27321)"
"670",1000107,"Medium(0.321-0.362)","High(1090-27321)"
"671",1022762,"Medium(0.321-0.362)","High(1090-27321)"
"672",1035281,"Medium(0.321-0.362)","High(1090-27321)"
"673",1046541,"Medium(0.321-0.362)","High(1090-27321)"
"674",1024829,"Medium(0.321-0.362)","High(1090-27321)"
"675",1031770,"Medium(0.321-0.362)","High(1090-27321)"
"676",1028235,"Medium(0.321-0.362)","High(1090-27321)"
"677",1009096,"Medium(0.321-0.362)","High(1090-27321)"
"678",1015346,"Medium(0.321-0.362)","High(1090-27321)"
"679",1005038,"Medium(0.321-0.362)","High(1090-27321)"
"680",1006839,"Medium(0.321-0.362)","High(1090-27321)"
"681",1005078,"Medium(0.321-0.362)","High(1090-27321)"
"682",1026528,"Medium(0.321-0.362)","High(1090-27321)"
"683",1046217,"Medium(0.321-0.362)","High(1090-27321)"
"684",1020564,"Medium(0.321-0.362)","High(1090-27321)"
"685",1011546,"Medium(0.321-0.362)","High(1090-27321)"
"686",1006381,"Medium(0.321-0.362)","High(1090-27321)"
"687",1000060,"Medium(0.321-0.362)","High(1090-27321)"
"688",1000189,"Medium(0.321-0.362)","High(1090-27321)"
"689",1000296,"Medium(0.321-0.362)","High(1090-27321)"
"690",1000396,"Medium(0.321-0.362)","High(1090-27321)"
"691",1000467,"Medium(0.321-0.362)","High(1090-27321)"
"692",1000801,"Medium(0.321-0.362)","High(1090-27321)"
"693",1000986,"Medium(0.321-0.362)","High(1090-27321)"
"694",1001234,"Medium(0.321-0.362)","High(1090-27321)"
"695",1001413,"Medium(0.321-0.362)","High(1090-27321)"
"696",1001431,"Medium(0.321-0.362)","High(1090-27321)"
"697",1001666,"Medium(0.321-0.362)","High(1090-27321)"
"698",1001925,"Medium(0.321-0.362)","High(1090-27321)"
"699",1001978,"Medium(0.321-0.362)","High(1090-27321)"
"700",1002030,"Medium(0.321-0.362)","High(1090-27321)"
"701",1002186,"Medium(0.321-0.362)","High(1090-27321)"
"702",1002564,"Medium(0.321-0.362)","High(1090-27321)"
"703",1002602,"Medium(0.321-0.362)","High(1090-27321)"
"704",1002714,"Medium(0.321-0.362)","High(1090-27321)"
"705",1002773,"Medium(0.321-0.362)","High(1090-27321)"
"706",1002796,"Medium(0.321-0.362)","High(1090-27321)"
"707",1003002,"Medium(0.321-0.362)","High(1090-27321)"
"708",1003035,"Medium(0.321-0.362)","High(1090-27321)"
"709",1003119,"Medium(0.321-0.362)","High(1090-27321)"
"710",1003147,"Medium(0.321-0.362)","High(1090-27321)"
"711",1003158,"Medium(0.321-0.362)","High(1090-27321)"
"712",1003204,"Medium(0.321-0.362)","High(1090-27321)"
"713",1003558,"Medium(0.321-0.362)","High(1090-27321)"
"714",1003732,"Medium(0.321-0.362)","High(1090-27321)"
"715",1003744,"Medium(0.321-0.362)","High(1090-27321)"
"716",1003776,"Medium(0.321-0.362)","High(1090-27321)"
"717",1003948,"Medium(0.321-0.362)","High(1090-27321)"
"718",1004171,"Medium(0.321-0.362)","High(1090-27321)"
"719",1004196,"Medium(0.321-0.362)","High(1090-27321)"
"720",1004211,"Medium(0.321-0.362)","High(1090-27321)"
"721",1004527,"Medium(0.321-0.362)","High(1090-27321)"
"722",1004667,"Medium(0.321-0.362)","High(1090-27321)"
"723",1004694,"Medium(0.321-0.362)","High(1090-27321)"
"724",1004742,"Medium(0.321-0.362)","High(1090-27321)"
"725",1004744,"Medium(0.321-0.362)","High(1090-27321)"
"726",1004772,"Medium(0.321-0.362)","High(1090-27321)"
"727",1004913,"Medium(0.321-0.362)","High(1090-27321)"
"728",1004962,"Medium(0.321-0.362)","High(1090-27321)"
"729",1005147,"Medium(0.321-0.362)","High(1090-27321)"
"730",1005201,"Medium(0.321-0.362)","High(1090-27321)"
"731",1005242,"Medium(0.321-0.362)","High(1090-27321)"
"732",1005424,"Medium(0.321-0.362)","High(1090-27321)"
"733",1005425,"Medium(0.321-0.362)","High(1090-27321)"
"734",1005460,"Medium(0.321-0.362)","High(1090-27321)"
"735",1005513,"Medium(0.321-0.362)","High(1090-27321)"
"736",1005568,"Medium(0.321-0.362)","High(1090-27321)"
"737",1005975,"Medium(0.321-0.362)","High(1090-27321)"
"738",1006186,"Medium(0.321-0.362)","High(1090-27321)"
"739",1006269,"Medium(0.321-0.362)","High(1090-27321)"
"740",1006435,"Medium(0.321-0.362)","High(1090-27321)"
"741",1006572,"Medium(0.321-0.362)","High(1090-27321)"
"742",1006818,"Medium(0.321-0.362)","High(1090-27321)"
"743",1006911,"Medium(0.321-0.362)","High(1090-27321)"
"744",1006947,"Medium(0.321-0.362)","High(1090-27321)"
"745",1006959,"Medium(0.321-0.362)","High(1090-27321)"
"746",1007105,"Medium(0.321-0.362)","High(1090-27321)"
"747",1007239,"Medium(0.321-0.362)","High(1090-27321)"
"748",1007578,"Medium(0.321-0.362)","High(1090-27321)"
"749",1007724,"Medium(0.321-0.362)","High(1090-27321)"
"750",1007745,"Medium(0.321-0.362)","High(1090-27321)"
"751",1007841,"Medium(0.321-0.362)","High(1090-27321)"
"752",1007949,"Medium(0.321-0.362)","High(1090-27321)"
"753",1008139,"Medium(0.321-0.362)","High(1090-27321)"
"754",1008364,"Medium(0.321-0.362)","High(1090-27321)"
"755",1008395,"Medium(0.321-0.362)","High(1090-27321)"
"756",1008594,"Medium(0.321-0.362)","High(1090-27321)"
"757",1008821,"Medium(0.321-0.362)","High(1090-27321)"
"758",1008975,"Medium(0.321-0.362)","High(1090-27321)"
"759",1009109,"Medium(0.321-0.362)","High(1090-27321)"
"760",1009263,"Medium(0.321-0.362)","High(1090-27321)"
"761",1009306,"Medium(0.321-0.362)","High(1090-27321)"
"762",1009397,"Medium(0.321-0.362)","High(1090-27321)"
"763",1009414,"Medium(0.321-0.362)","High(1090-27321)"
"764",1009594,"Medium(0.321-0.362)","High(1090-27321)"
"765",1009711,"Medium(0.321-0.362)","High(1090-27321)"
"766",1009740,"Medium(0.321-0.362)","High(1090-27321)"
"767",1009761,"Medium(0.321-0.362)","High(1090-27321)"
"768",1009898,"Medium(0.321-0.362)","High(1090-27321)"
"769",1010143,"Medium(0.321-0.362)","High(1090-27321)"
"770",1010671,"Medium(0.321-0.362)","High(1090-27321)"
"771",1010743,"Medium(0.321-0.362)","High(1090-27321)"
"772",1010838,"Medium(0.321-0.362)","High(1090-27321)"
"773",1010930,"Medium(0.321-0.362)","High(1090-27321)"
"774",1010973,"Medium(0.321-0.362)","High(1090-27321)"
"775",1011001,"Medium(0.321-0.362)","High(1090-27321)"
"776",1011040,"Medium(0.321-0.362)","High(1090-27321)"
"777",1011152,"Medium(0.321-0.362)","High(1090-27321)"
"778",1011261,"Medium(0.321-0.362)","High(1090-27321)"
"779",1011319,"Medium(0.321-0.362)","High(1090-27321)"
"780",1011459,"Medium(0.321-0.362)","High(1090-27321)"
"781",1011551,"Medium(0.321-0.362)","High(1090-27321)"
"782",1011580,"Medium(0.321-0.362)","High(1090-27321)"
"783",1011830,"Medium(0.321-0.362)","High(1090-27321)"
"784",1012019,"Medium(0.321-0.362)","High(1090-27321)"
"785",1012102,"Medium(0.321-0.362)","High(1090-27321)"
"786",1012189,"Medium(0.321-0.362)","High(1090-27321)"
"787",1012238,"Medium(0.321-0.362)","High(1090-27321)"
"788",1012690,"Medium(0.321-0.362)","High(1090-27321)"
"789",1012782,"Medium(0.321-0.362)","High(1090-27321)"
"790",1012857,"Medium(0.321-0.362)","High(1090-27321)"
"791",1012869,"Medium(0.321-0.362)","High(1090-27321)"
"792",1012900,"Medium(0.321-0.362)","High(1090-27321)"
"793",1012993,"Medium(0.321-0.362)","High(1090-27321)"
"794",1013412,"Medium(0.321-0.362)","High(1090-27321)"
"795",1013428,"Medium(0.321-0.362)","High(1090-27321)"
"796",1013619,"Medium(0.321-0.362)","High(1090-27321)"
"797",1013652,"Medium(0.321-0.362)","High(1090-27321)"
"798",1013678,"Medium(0.321-0.362)","High(1090-27321)"
"799",1013944,"Medium(0.321-0.362)","High(1090-27321)"
"800",1014095,"Medium(0.321-0.362)","High(1090-27321)"
"801",1014166,"Medium(0.321-0.362)","High(1090-27321)"
"802",1014201,"Medium(0.321-0.362)","High(1090-27321)"
"803",1014280,"Medium(0.321-0.362)","High(1090-27321)"
"804",1014342,"Medium(0.321-0.362)","High(1090-27321)"
"805",1014696,"Medium(0.321-0.362)","High(1090-27321)"
"806",1014826,"Medium(0.321-0.362)","High(1090-27321)"
"807",1015109,"Medium(0.321-0.362)","High(1090-27321)"
"808",1015333,"Medium(0.321-0.362)","High(1090-27321)"
"809",1015440,"Medium(0.321-0.362)","High(1090-27321)"
"810",1015575,"Medium(0.321-0.362)","High(1090-27321)"
"811",1015837,"Medium(0.321-0.362)","High(1090-27321)"
"812",1015843,"Medium(0.321-0.362)","High(1090-27321)"
"813",1015896,"Medium(0.321-0.362)","High(1090-27321)"
"814",1015951,"Medium(0.321-0.362)","High(1090-27321)"
"815",1015995,"Medium(0.321-0.362)","High(1090-27321)"
"816",1016173,"Medium(0.321-0.362)","High(1090-27321)"
"817",1016327,"Medium(0.321-0.362)","High(1090-27321)"
"818",1016477,"Medium(0.321-0.362)","High(1090-27321)"
"819",1016552,"Medium(0.321-0.362)","High(1090-27321)"
"820",1016761,"Medium(0.321-0.362)","High(1090-27321)"
"821",1016884,"Medium(0.321-0.362)","High(1090-27321)"
"822",1016997,"Medium(0.321-0.362)","High(1090-27321)"
"823",1016998,"Medium(0.321-0.362)","High(1090-27321)"
"824",1017093,"Medium(0.321-0.362)","High(1090-27321)"
"825",1017103,"Medium(0.321-0.362)","High(1090-27321)"
"826",1017343,"Medium(0.321-0.362)","High(1090-27321)"
"827",1017491,"Medium(0.321-0.362)","High(1090-27321)"
"828",1017538,"Medium(0.321-0.362)","High(1090-27321)"
"829",1017678,"Medium(0.321-0.362)","High(1090-27321)"
"830",1018064,"Medium(0.321-0.362)","High(1090-27321)"
"831",1018396,"Medium(0.321-0.362)","High(1090-27321)"
"832",1018493,"Medium(0.321-0.362)","High(1090-27321)"
"833",1018567,"Medium(0.321-0.362)","High(1090-27321)"
"834",1018610,"Medium(0.321-0.362)","High(1090-27321)"
"835",1018649,"Medium(0.321-0.362)","High(1090-27321)"
"836",1018676,"Medium(0.321-0.362)","High(1090-27321)"
"837",1018716,"Medium(0.321-0.362)","High(1090-27321)"
"838",1018734,"Medium(0.321-0.362)","High(1090-27321)"
"839",1019139,"Medium(0.321-0.362)","High(1090-27321)"
"840",1019613,"Medium(0.321-0.362)","High(1090-27321)"
"841",1019978,"Medium(0.321-0.362)","High(1090-27321)"
"842",1020108,"Medium(0.321-0.362)","High(1090-27321)"
"843",1020159,"Medium(0.321-0.362)","High(1090-27321)"
"844",1020227,"Medium(0.321-0.362)","High(1090-27321)"
"845",1020324,"Medium(0.321-0.362)","High(1090-27321)"
"846",1020608,"Medium(0.321-0.362)","High(1090-27321)"
"847",1020733,"Medium(0.321-0.362)","High(1090-27321)"
"848",1020956,"Medium(0.321-0.362)","High(1090-27321)"
"849",1021256,"Medium(0.321-0.362)","High(1090-27321)"
"850",1021494,"Medium(0.321-0.362)","High(1090-27321)"
"851",1021507,"Medium(0.321-0.362)","High(1090-27321)"
"852",1021599,"Medium(0.321-0.362)","High(1090-27321)"
"853",1021770,"Medium(0.321-0.362)","High(1090-27321)"
"854",1022152,"Medium(0.321-0.362)","High(1090-27321)"
"855",1022198,"Medium(0.321-0.362)","High(1090-27321)"
"856",1022309,"Medium(0.321-0.362)","High(1090-27321)"
"857",1022325,"Medium(0.321-0.362)","High(1090-27321)"
"858",1022336,"Medium(0.321-0.362)","High(1090-27321)"
"859",1022355,"Medium(0.321-0.362)","High(1090-27321)"
"860",1022658,"Medium(0.321-0.362)","High(1090-27321)"
"861",1023022,"Medium(0.321-0.362)","High(1090-27321)"
"862",1023486,"Medium(0.321-0.362)","High(1090-27321)"
"863",1023831,"Medium(0.321-0.362)","High(1090-27321)"
"864",1024050,"Medium(0.321-0.362)","High(1090-27321)"
"865",1024489,"Medium(0.321-0.362)","High(1090-27321)"
"866",1024498,"Medium(0.321-0.362)","High(1090-27321)"
"867",1024587,"Medium(0.321-0.362)","High(1090-27321)"
"868",1024654,"Medium(0.321-0.362)","High(1090-27321)"
"869",1024710,"Medium(0.321-0.362)","High(1090-27321)"
"870",1024722,"Medium(0.321-0.362)","High(1090-27321)"
"871",1024767,"Medium(0.321-0.362)","High(1090-27321)"
"872",1024782,"Medium(0.321-0.362)","High(1090-27321)"
"873",1024871,"Medium(0.321-0.362)","High(1090-27321)"
"874",1024899,"Medium(0.321-0.362)","High(1090-27321)"
"875",1025056,"Medium(0.321-0.362)","High(1090-27321)"
"876",1025095,"Medium(0.321-0.362)","High(1090-27321)"
"877",1025136,"Medium(0.321-0.362)","High(1090-27321)"
"878",1025145,"Medium(0.321-0.362)","High(1090-27321)"
"879",1025346,"Medium(0.321-0.362)","High(1090-27321)"
"880",1025399,"Medium(0.321-0.362)","High(1090-27321)"
"881",1025407,"Medium(0.321-0.362)","High(1090-27321)"
"882",1025425,"Medium(0.321-0.362)","High(1090-27321)"
"883",1025562,"Medium(0.321-0.362)","High(1090-27321)"
"884",1025943,"Medium(0.321-0.362)","High(1090-27321)"
"885",1025992,"Medium(0.321-0.362)","High(1090-27321)"
"886",1026085,"Medium(0.321-0.362)","High(1090-27321)"
"887",1026279,"Medium(0.321-0.362)","High(1090-27321)"
"888",1026379,"Medium(0.321-0.362)","High(1090-27321)"
"889",1026389,"Medium(0.321-0.362)","High(1090-27321)"
"890",1026450,"Medium(0.321-0.362)","High(1090-27321)"
"891",1027116,"Medium(0.321-0.362)","High(1090-27321)"
"892",1027252,"Medium(0.321-0.362)","High(1090-27321)"
"893",1027366,"Medium(0.321-0.362)","High(1090-27321)"
"894",1027386,"Medium(0.321-0.362)","High(1090-27321)"
"895",1027452,"Medium(0.321-0.362)","High(1090-27321)"
"896",1027500,"Medium(0.321-0.362)","High(1090-27321)"
"897",1027876,"Medium(0.321-0.362)","High(1090-27321)"
"898",1028572,"Medium(0.321-0.362)","High(1090-27321)"
"899",1028944,"Medium(0.321-0.362)","High(1090-27321)"
"900",1029000,"Medium(0.321-0.362)","High(1090-27321)"
"901",1029054,"Medium(0.321-0.362)","High(1090-27321)"
"902",1029253,"Medium(0.321-0.362)","High(1090-27321)"
"903",1029484,"Medium(0.321-0.362)","High(1090-27321)"
"904",1029501,"Medium(0.321-0.362)","High(1090-27321)"
"905",1029676,"Medium(0.321-0.362)","High(1090-27321)"
"906",1029690,"Medium(0.321-0.362)","High(1090-27321)"
"907",1029805,"Medium(0.321-0.362)","High(1090-27321)"
"908",1029842,"Medium(0.321-0.362)","High(1090-27321)"
"909",1029863,"Medium(0.321-0.362)","High(1090-27321)"
"910",1030132,"Medium(0.321-0.362)","High(1090-27321)"
"911",1030543,"Medium(0.321-0.362)","High(1090-27321)"
"912",1030697,"Medium(0.321-0.362)","High(1090-27321)"
"913",1030777,"Medium(0.321-0.362)","High(1090-27321)"
"914",1033083,"Medium(0.321-0.362)","High(1090-27321)"
"915",1033114,"Medium(0.321-0.362)","High(1090-27321)"
"916",1033354,"Medium(0.321-0.362)","High(1090-27321)"
"917",1033420,"Medium(0.321-0.362)","High(1090-27321)"
"918",1033508,"Medium(0.321-0.362)","High(1090-27321)"
"919",1033819,"Medium(0.321-0.362)","High(1090-27321)"
"920",1033838,"Medium(0.321-0.362)","High(1090-27321)"
"921",1034069,"Medium(0.321-0.362)","High(1090-27321)"
"922",1034200,"Medium(0.321-0.362)","High(1090-27321)"
"923",1034422,"Medium(0.321-0.362)","High(1090-27321)"
"924",1034443,"Medium(0.321-0.362)","High(1090-27321)"
"925",1034989,"Medium(0.321-0.362)","High(1090-27321)"
"926",1035340,"Medium(0.321-0.362)","High(1090-27321)"
"927",1035670,"Medium(0.321-0.362)","High(1090-27321)"
"928",1036095,"Medium(0.321-0.362)","High(1090-27321)"
"929",1036568,"Medium(0.321-0.362)","High(1090-27321)"
"930",1036623,"Medium(0.321-0.362)","High(1090-27321)"
"931",1036660,"Medium(0.321-0.362)","High(1090-27321)"
"932",1036997,"Medium(0.321-0.362)","High(1090-27321)"
"933",1037193,"Medium(0.321-0.362)","High(1090-27321)"
"934",1037453,"Medium(0.321-0.362)","High(1090-27321)"
"935",1037646,"Medium(0.321-0.362)","High(1090-27321)"
"936",1037716,"Medium(0.321-0.362)","High(1090-27321)"
"937",1037923,"Medium(0.321-0.362)","High(1090-27321)"
"938",1037955,"Medium(0.321-0.362)","High(1090-27321)"
"939",1037984,"Medium(0.321-0.362)","High(1090-27321)"
"940",1038147,"Medium(0.321-0.362)","High(1090-27321)"
"941",1038461,"Medium(0.321-0.362)","High(1090-27321)"
"942",1038488,"Medium(0.321-0.362)","High(1090-27321)"
"943",1038771,"Medium(0.321-0.362)","High(1090-27321)"
"944",1039347,"Medium(0.321-0.362)","High(1090-27321)"
"945",1039548,"Medium(0.321-0.362)","High(1090-27321)"
"946",1039768,"Medium(0.321-0.362)","High(1090-27321)"
"947",1039858,"Medium(0.321-0.362)","High(1090-27321)"
"948",1039914,"Medium(0.321-0.362)","High(1090-27321)"
"949",1040143,"Medium(0.321-0.362)","High(1090-27321)"
"950",1040236,"Medium(0.321-0.362)","High(1090-27321)"
"951",1040393,"Medium(0.321-0.362)","High(1090-27321)"
"952",1040623,"Medium(0.321-0.362)","High(1090-27321)"
"953",1041299,"Medium(0.321-0.362)","High(1090-27321)"
"954",1041307,"Medium(0.321-0.362)","High(1090-27321)"
"955",1041373,"Medium(0.321-0.362)","High(1090-27321)"
"956",1041393,"Medium(0.321-0.362)","High(1090-27321)"
"957",1041503,"Medium(0.321-0.362)","High(1090-27321)"
"958",1041837,"Medium(0.321-0.362)","High(1090-27321)"
"959",1041843,"Medium(0.321-0.362)","High(1090-27321)"
"960",1042249,"Medium(0.321-0.362)","High(1090-27321)"
"961",1042434,"Medium(0.321-0.362)","High(1090-27321)"
"962",1042932,"Medium(0.321-0.362)","High(1090-27321)"
"963",1043215,"Medium(0.321-0.362)","High(1090-27321)"
"964",1043617,"Medium(0.321-0.362)","High(1090-27321)"
"965",1044037,"Medium(0.321-0.362)","High(1090-27321)"
"966",1044087,"Medium(0.321-0.362)","High(1090-27321)"
"967",1045457,"Medium(0.321-0.362)","High(1090-27321)"
"968",1046012,"Medium(0.321-0.362)","High(1090-27321)"
"969",1046026,"Medium(0.321-0.362)","High(1090-27321)"
"970",1046746,"Medium(0.321-0.362)","High(1090-27321)"
"971",1046800,"Medium(0.321-0.362)","High(1090-27321)"
"972",1047477,"Medium(0.321-0.362)","High(1090-27321)"
"973",1048215,"Medium(0.321-0.362)","High(1090-27321)"
"974",1048595,"Medium(0.321-0.362)","High(1090-27321)"
"975",1048855,"Medium(0.321-0.362)","High(1090-27321)"
"976",1050056,"Medium(0.321-0.362)","High(1090-27321)"
"977",1050507,"Medium(0.321-0.362)","High(1090-27321)"
"978",1050539,"Medium(0.321-0.362)","High(1090-27321)"
"979",1050806,"Medium(0.321-0.362)","High(1090-27321)"
"980",1051229,"Medium(0.321-0.362)","High(1090-27321)"
"981",1051753,"Medium(0.321-0.362)","High(1090-27321)"
"982",1051912,"Medium(0.321-0.362)","High(1090-27321)"
"983",1052374,"Medium(0.321-0.362)","High(1090-27321)"
"984",1052667,"Medium(0.321-0.362)","High(1090-27321)"
"985",1053547,"Medium(0.321-0.362)","High(1090-27321)"
"986",1053717,"Medium(0.321-0.362)","High(1090-27321)"
"987",1056615,"Medium(0.321-0.362)","High(1090-27321)"
"988",1057161,"Medium(0.321-0.362)","High(1090-27321)"
"989",1059564,"Medium(0.321-0.362)","High(1090-27321)"
"990",1063468,"Medium(0.321-0.362)","High(1090-27321)"
"991",1064141,"Medium(0.321-0.362)","High(1090-27321)"
"992",1065973,"Medium(0.321-0.362)","High(1090-27321)"
"993",1067061,"Medium(0.321-0.362)","High(1090-27321)"
"994",1067450,"Medium(0.321-0.362)","High(1090-27321)"
"995",1077773,"Medium(0.321-0.362)","High(1090-27321)"
"996",1080170,"Medium(0.321-0.362)","High(1090-27321)"
"997",1082160,"Medium(0.321-0.362)","High(1090-27321)"
"998",1089023,"Medium(0.321-0.362)","High(1090-27321)"
"999",1090060,"Medium(0.321-0.362)","High(1090-27321)"
"1000",1090825,"Medium(0.321-0.362)","High(1090-27321)"
"1001",1091664,"Medium(0.321-0.362)","High(1090-27321)"
"1002",1092104,"Medium(0.321-0.362)","High(1090-27321)"
"1003",1092436,"Medium(0.321-0.362)","High(1090-27321)"
"1004",1092927,"Medium(0.321-0.362)","High(1090-27321)"
"1005",1093190,"Medium(0.321-0.362)","High(1090-27321)"
"1006",1094060,"Medium(0.321-0.362)","High(1090-27321)"
"1007",1096491,"Medium(0.321-0.362)","High(1090-27321)"
"1008",1097949,"Medium(0.321-0.362)","High(1090-27321)"
"1009",1098970,"Medium(0.321-0.362)","High(1090-27321)"
"1010",1099032,"Medium(0.321-0.362)","High(1090-27321)"
"1011",1099107,"Medium(0.321-0.362)","High(1090-27321)"
"1012",1099130,"Medium(0.321-0.362)","High(1090-27321)"
"1013",1099179,"Medium(0.321-0.362)","High(1090-27321)"
"1014",1099868,"Medium(0.321-0.362)","High(1090-27321)"
"1015",1099945,"Medium(0.321-0.362)","High(1090-27321)"
"1016",1088079,"High(0.362-0.814)","Medium(691-1090)"
"1017",1037122,"High(0.362-0.814)","Medium(691-1090)"
"1018",1003729,"High(0.362-0.814)","Medium(691-1090)"
"1019",1035850,"High(0.362-0.814)","Medium(691-1090)"
"1020",1098190,"High(0.362-0.814)","Medium(691-1090)"
"1021",1067436,"High(0.362-0.814)","Medium(691-1090)"
"1022",1039975,"High(0.362-0.814)","Medium(691-1090)"
"1023",1077956,"High(0.362-0.814)","Medium(691-1090)"
"1024",1026407,"High(0.362-0.814)","Medium(691-1090)"
"1025",1045713,"High(0.362-0.814)","Medium(691-1090)"
"1026",1023269,"High(0.362-0.814)","Medium(691-1090)"
"1027",1060350,"High(0.362-0.814)","Medium(691-1090)"
"1028",1027748,"High(0.362-0.814)","Medium(691-1090)"
"1029",1035860,"High(0.362-0.814)","Medium(691-1090)"
"1030",1045835,"High(0.362-0.814)","Medium(691-1090)"
"1031",1038018,"High(0.362-0.814)","Medium(691-1090)"
"1032",1027989,"High(0.362-0.814)","Medium(691-1090)"
"1033",1034038,"High(0.362-0.814)","Medium(691-1090)"
"1034",1018520,"High(0.362-0.814)","Medium(691-1090)"
"1035",1039577,"High(0.362-0.814)","Medium(691-1090)"
"1036",1026410,"High(0.362-0.814)","Medium(691-1090)"
"1037",1024306,"High(0.362-0.814)","Medium(691-1090)"
"1038",1082982,"High(0.362-0.814)","Medium(691-1090)"
"1039",1061890,"High(0.362-0.814)","Medium(691-1090)"
"1040",1053168,"High(0.362-0.814)","Medium(691-1090)"
"1041",1037094,"High(0.362-0.814)","Medium(691-1090)"
"1042",1039589,"High(0.362-0.814)","Medium(691-1090)"
"1043",1041932,"High(0.362-0.814)","Medium(691-1090)"
"1044",1074746,"High(0.362-0.814)","Medium(691-1090)"
"1045",1056392,"High(0.362-0.814)","Medium(691-1090)"
"1046",1009763,"High(0.362-0.814)","Medium(691-1090)"
"1047",1034013,"High(0.362-0.814)","Medium(691-1090)"
"1048",1094102,"High(0.362-0.814)","Medium(691-1090)"
"1049",1010704,"High(0.362-0.814)","Medium(691-1090)"
"1050",1058076,"High(0.362-0.814)","Medium(691-1090)"
"1051",1032901,"High(0.362-0.814)","Medium(691-1090)"
"1052",1025308,"High(0.362-0.814)","Medium(691-1090)"
"1053",1056335,"High(0.362-0.814)","Medium(691-1090)"
"1054",1023979,"High(0.362-0.814)","Medium(691-1090)"
"1055",1029079,"High(0.362-0.814)","Medium(691-1090)"
"1056",1088014,"High(0.362-0.814)","Medium(691-1090)"
"1057",1018544,"High(0.362-0.814)","Medium(691-1090)"
"1058",1024750,"High(0.362-0.814)","Medium(691-1090)"
"1059",1027273,"High(0.362-0.814)","Medium(691-1090)"
"1060",1007775,"High(0.362-0.814)","Medium(691-1090)"
"1061",1009023,"High(0.362-0.814)","Medium(691-1090)"
"1062",1040434,"High(0.362-0.814)","Medium(691-1090)"
"1063",1008851,"High(0.362-0.814)","Medium(691-1090)"
"1064",1081692,"High(0.362-0.814)","Medium(691-1090)"
"1065",1027225,"High(0.362-0.814)","Medium(691-1090)"
"1066",1010572,"High(0.362-0.814)","Medium(691-1090)"
"1067",1003562,"High(0.362-0.814)","Medium(691-1090)"
"1068",1098851,"High(0.362-0.814)","Medium(691-1090)"
"1069",1055413,"High(0.362-0.814)","Medium(691-1090)"
"1070",1025798,"High(0.362-0.814)","Medium(691-1090)"
"1071",1020235,"High(0.362-0.814)","Medium(691-1090)"
"1072",1041802,"High(0.362-0.814)","Medium(691-1090)"
"1073",1020520,"High(0.362-0.814)","Medium(691-1090)"
"1074",1033090,"High(0.362-0.814)","Medium(691-1090)"
"1075",1031467,"High(0.362-0.814)","Medium(691-1090)"
"1076",1038895,"High(0.362-0.814)","Medium(691-1090)"
"1077",1026436,"High(0.362-0.814)","Medium(691-1090)"
"1078",1036879,"High(0.362-0.814)","Medium(691-1090)"
"1079",1045163,"High(0.362-0.814)","Medium(691-1090)"
"1080",1038997,"High(0.362-0.814)","Medium(691-1090)"
"1081",1042901,"High(0.362-0.814)","Medium(691-1090)"
"1082",1003003,"High(0.362-0.814)","Medium(691-1090)"
"1083",1044243,"High(0.362-0.814)","Medium(691-1090)"
"1084",1007390,"High(0.362-0.814)","Medium(691-1090)"
"1085",1071723,"High(0.362-0.814)","Medium(691-1090)"
"1086",1029336,"High(0.362-0.814)","Medium(691-1090)"
"1087",1029995,"High(0.362-0.814)","Medium(691-1090)"
"1088",1004122,"High(0.362-0.814)","Medium(691-1090)"
"1089",1054210,"High(0.362-0.814)","Medium(691-1090)"
"1090",1084025,"High(0.362-0.814)","Medium(691-1090)"
"1091",1071576,"High(0.362-0.814)","Medium(691-1090)"
"1092",1054427,"High(0.362-0.814)","Medium(691-1090)"
"1093",1020112,"High(0.362-0.814)","Medium(691-1090)"
"1094",1030751,"High(0.362-0.814)","Medium(691-1090)"
"1095",1073227,"High(0.362-0.814)","Medium(691-1090)"
"1096",1058995,"High(0.362-0.814)","Medium(691-1090)"
"1097",1014112,"High(0.362-0.814)","Medium(691-1090)"
"1098",1099079,"High(0.362-0.814)","Medium(691-1090)"
"1099",1091032,"High(0.362-0.814)","Medium(691-1090)"
"1100",1037443,"High(0.362-0.814)","Medium(691-1090)"
"1101",1025931,"High(0.362-0.814)","Medium(691-1090)"
"1102",1087314,"High(0.362-0.814)","Medium(691-1090)"
"1103",1093764,"High(0.362-0.814)","Medium(691-1090)"
"1104",1076714,"High(0.362-0.814)","Medium(691-1090)"
"1105",1083565,"High(0.362-0.814)","Medium(691-1090)"
"1106",1058395,"High(0.362-0.814)","Medium(691-1090)"
"1107",1010415,"High(0.362-0.814)","Medium(691-1090)"
"1108",1030724,"High(0.362-0.814)","Medium(691-1090)"
"1109",1058040,"High(0.362-0.814)","Medium(691-1090)"
"1110",1037744,"High(0.362-0.814)","Medium(691-1090)"
"1111",1059069,"High(0.362-0.814)","Medium(691-1090)"
"1112",1021663,"High(0.362-0.814)","Medium(691-1090)"
"1113",1090245,"High(0.362-0.814)","Medium(691-1090)"
"1114",1028675,"High(0.362-0.814)","Medium(691-1090)"
"1115",1044701,"High(0.362-0.814)","Medium(691-1090)"
"1116",1026938,"High(0.362-0.814)","Medium(691-1090)"
"1117",1016341,"High(0.362-0.814)","Medium(691-1090)"
"1118",1017586,"High(0.362-0.814)","Medium(691-1090)"
"1119",1018502,"High(0.362-0.814)","Medium(691-1090)"
"1120",1063853,"High(0.362-0.814)","Medium(691-1090)"
"1121",1029924,"High(0.362-0.814)","Medium(691-1090)"
"1122",1022045,"High(0.362-0.814)","Medium(691-1090)"
"1123",1026627,"High(0.362-0.814)","Medium(691-1090)"
"1124",1012475,"High(0.362-0.814)","Medium(691-1090)"
"1125",1037525,"High(0.362-0.814)","Medium(691-1090)"
"1126",1070655,"High(0.362-0.814)","Medium(691-1090)"
"1127",1011053,"High(0.362-0.814)","Medium(691-1090)"
"1128",1021624,"High(0.362-0.814)","Medium(691-1090)"
"1129",1030020,"High(0.362-0.814)","Medium(691-1090)"
"1130",1031368,"High(0.362-0.814)","Medium(691-1090)"
"1131",1026086,"High(0.362-0.814)","Medium(691-1090)"
"1132",1047990,"High(0.362-0.814)","Medium(691-1090)"
"1133",1067109,"High(0.362-0.814)","Medium(691-1090)"
"1134",1088595,"High(0.362-0.814)","Medium(691-1090)"
"1135",1052868,"High(0.362-0.814)","Medium(691-1090)"
"1136",1024014,"High(0.362-0.814)","Medium(691-1090)"
"1137",1023508,"High(0.362-0.814)","Medium(691-1090)"
"1138",1074638,"High(0.362-0.814)","Medium(691-1090)"
"1139",1014948,"High(0.362-0.814)","Medium(691-1090)"
"1140",1083795,"High(0.362-0.814)","Medium(691-1090)"
"1141",1018958,"High(0.362-0.814)","Medium(691-1090)"
"1142",1044854,"High(0.362-0.814)","Medium(691-1090)"
"1143",1024143,"High(0.362-0.814)","Medium(691-1090)"
"1144",1042107,"High(0.362-0.814)","Medium(691-1090)"
"1145",1001053,"High(0.362-0.814)","Medium(691-1090)"
"1146",1001107,"High(0.362-0.814)","Medium(691-1090)"
"1147",1001548,"High(0.362-0.814)","Medium(691-1090)"
"1148",1002440,"High(0.362-0.814)","Medium(691-1090)"
"1149",1002829,"High(0.362-0.814)","Medium(691-1090)"
"1150",1003489,"High(0.362-0.814)","Medium(691-1090)"
"1151",1003595,"High(0.362-0.814)","Medium(691-1090)"
"1152",1003655,"High(0.362-0.814)","Medium(691-1090)"
"1153",1003682,"High(0.362-0.814)","Medium(691-1090)"
"1154",1004223,"High(0.362-0.814)","Medium(691-1090)"
"1155",1004829,"High(0.362-0.814)","Medium(691-1090)"
"1156",1006009,"High(0.362-0.814)","Medium(691-1090)"
"1157",1006583,"High(0.362-0.814)","Medium(691-1090)"
"1158",1008082,"High(0.362-0.814)","Medium(691-1090)"
"1159",1008211,"High(0.362-0.814)","Medium(691-1090)"
"1160",1008365,"High(0.362-0.814)","Medium(691-1090)"
"1161",1008913,"High(0.362-0.814)","Medium(691-1090)"
"1162",1009819,"High(0.362-0.814)","Medium(691-1090)"
"1163",1009826,"High(0.362-0.814)","Medium(691-1090)"
"1164",1010714,"High(0.362-0.814)","Medium(691-1090)"
"1165",1010908,"High(0.362-0.814)","Medium(691-1090)"
"1166",1011519,"High(0.362-0.814)","Medium(691-1090)"
"1167",1012376,"High(0.362-0.814)","Medium(691-1090)"
"1168",1012473,"High(0.362-0.814)","Medium(691-1090)"
"1169",1012567,"High(0.362-0.814)","Medium(691-1090)"
"1170",1012600,"High(0.362-0.814)","Medium(691-1090)"
"1171",1012907,"High(0.362-0.814)","Medium(691-1090)"
"1172",1013353,"High(0.362-0.814)","Medium(691-1090)"
"1173",1014159,"High(0.362-0.814)","Medium(691-1090)"
"1174",1014279,"High(0.362-0.814)","Medium(691-1090)"
"1175",1014668,"High(0.362-0.814)","Medium(691-1090)"
"1176",1014822,"High(0.362-0.814)","Medium(691-1090)"
"1177",1014857,"High(0.362-0.814)","Medium(691-1090)"
"1178",1015144,"High(0.362-0.814)","Medium(691-1090)"
"1179",1015163,"High(0.362-0.814)","Medium(691-1090)"
"1180",1015501,"High(0.362-0.814)","Medium(691-1090)"
"1181",1015572,"High(0.362-0.814)","Medium(691-1090)"
"1182",1015638,"High(0.362-0.814)","Medium(691-1090)"
"1183",1017069,"High(0.362-0.814)","Medium(691-1090)"
"1184",1017267,"High(0.362-0.814)","Medium(691-1090)"
"1185",1017617,"High(0.362-0.814)","Medium(691-1090)"
"1186",1017748,"High(0.362-0.814)","Medium(691-1090)"
"1187",1017904,"High(0.362-0.814)","Medium(691-1090)"
"1188",1018216,"High(0.362-0.814)","Medium(691-1090)"
"1189",1018713,"High(0.362-0.814)","Medium(691-1090)"
"1190",1018818,"High(0.362-0.814)","Medium(691-1090)"
"1191",1019035,"High(0.362-0.814)","Medium(691-1090)"
"1192",1019114,"High(0.362-0.814)","Medium(691-1090)"
"1193",1019898,"High(0.362-0.814)","Medium(691-1090)"
"1194",1020690,"High(0.362-0.814)","Medium(691-1090)"
"1195",1020941,"High(0.362-0.814)","Medium(691-1090)"
"1196",1021871,"High(0.362-0.814)","Medium(691-1090)"
"1197",1021910,"High(0.362-0.814)","Medium(691-1090)"
"1198",1022114,"High(0.362-0.814)","Medium(691-1090)"
"1199",1022295,"High(0.362-0.814)","Medium(691-1090)"
"1200",1022604,"High(0.362-0.814)","Medium(691-1090)"
"1201",1022853,"High(0.362-0.814)","Medium(691-1090)"
"1202",1023179,"High(0.362-0.814)","Medium(691-1090)"
"1203",1023190,"High(0.362-0.814)","Medium(691-1090)"
"1204",1024219,"High(0.362-0.814)","Medium(691-1090)"
"1205",1024337,"High(0.362-0.814)","Medium(691-1090)"
"1206",1024366,"High(0.362-0.814)","Medium(691-1090)"
"1207",1025019,"High(0.362-0.814)","Medium(691-1090)"
"1208",1025216,"High(0.362-0.814)","Medium(691-1090)"
"1209",1025522,"High(0.362-0.814)","Medium(691-1090)"
"1210",1026121,"High(0.362-0.814)","Medium(691-1090)"
"1211",1026147,"High(0.362-0.814)","Medium(691-1090)"
"1212",1026719,"High(0.362-0.814)","Medium(691-1090)"
"1213",1027237,"High(0.362-0.814)","Medium(691-1090)"
"1214",1027657,"High(0.362-0.814)","Medium(691-1090)"
"1215",1027745,"High(0.362-0.814)","Medium(691-1090)"
"1216",1028912,"High(0.362-0.814)","Medium(691-1090)"
"1217",1029074,"High(0.362-0.814)","Medium(691-1090)"
"1218",1029393,"High(0.362-0.814)","Medium(691-1090)"
"1219",1029972,"High(0.362-0.814)","Medium(691-1090)"
"1220",1029978,"High(0.362-0.814)","Medium(691-1090)"
"1221",1030102,"High(0.362-0.814)","Medium(691-1090)"
"1222",1030326,"High(0.362-0.814)","Medium(691-1090)"
"1223",1030418,"High(0.362-0.814)","Medium(691-1090)"
"1224",1030687,"High(0.362-0.814)","Medium(691-1090)"
"1225",1030826,"High(0.362-0.814)","Medium(691-1090)"
"1226",1030831,"High(0.362-0.814)","Medium(691-1090)"
"1227",1031117,"High(0.362-0.814)","Medium(691-1090)"
"1228",1031290,"High(0.362-0.814)","Medium(691-1090)"
"1229",1031688,"High(0.362-0.814)","Medium(691-1090)"
"1230",1032939,"High(0.362-0.814)","Medium(691-1090)"
"1231",1033320,"High(0.362-0.814)","Medium(691-1090)"
"1232",1034153,"High(0.362-0.814)","Medium(691-1090)"
"1233",1034329,"High(0.362-0.814)","Medium(691-1090)"
"1234",1034645,"High(0.362-0.814)","Medium(691-1090)"
"1235",1034679,"High(0.362-0.814)","Medium(691-1090)"
"1236",1034697,"High(0.362-0.814)","Medium(691-1090)"
"1237",1034700,"High(0.362-0.814)","Medium(691-1090)"
"1238",1034931,"High(0.362-0.814)","Medium(691-1090)"
"1239",1035926,"High(0.362-0.814)","Medium(691-1090)"
"1240",1037850,"High(0.362-0.814)","Medium(691-1090)"
"1241",1038549,"High(0.362-0.814)","Medium(691-1090)"
"1242",1038964,"High(0.362-0.814)","Medium(691-1090)"
"1243",1039366,"High(0.362-0.814)","Medium(691-1090)"
"1244",1039813,"High(0.362-0.814)","Medium(691-1090)"
"1245",1041034,"High(0.362-0.814)","Medium(691-1090)"
"1246",1041145,"High(0.362-0.814)","Medium(691-1090)"
"1247",1041785,"High(0.362-0.814)","Medium(691-1090)"
"1248",1041937,"High(0.362-0.814)","Medium(691-1090)"
"1249",1042372,"High(0.362-0.814)","Medium(691-1090)"
"1250",1042950,"High(0.362-0.814)","Medium(691-1090)"
"1251",1043372,"High(0.362-0.814)","Medium(691-1090)"
"1252",1043499,"High(0.362-0.814)","Medium(691-1090)"
"1253",1044120,"High(0.362-0.814)","Medium(691-1090)"
"1254",1044476,"High(0.362-0.814)","Medium(691-1090)"
"1255",1044957,"High(0.362-0.814)","Medium(691-1090)"
"1256",1045787,"High(0.362-0.814)","Medium(691-1090)"
"1257",1045805,"High(0.362-0.814)","Medium(691-1090)"
"1258",1047351,"High(0.362-0.814)","Medium(691-1090)"
"1259",1048249,"High(0.362-0.814)","Medium(691-1090)"
"1260",1048533,"High(0.362-0.814)","Medium(691-1090)"
"1261",1049196,"High(0.362-0.814)","Medium(691-1090)"
"1262",1049729,"High(0.362-0.814)","Medium(691-1090)"
"1263",1049841,"High(0.362-0.814)","Medium(691-1090)"
"1264",1050196,"High(0.362-0.814)","Medium(691-1090)"
"1265",1050342,"High(0.362-0.814)","Medium(691-1090)"
"1266",1050475,"High(0.362-0.814)","Medium(691-1090)"
"1267",1051091,"High(0.362-0.814)","Medium(691-1090)"
"1268",1051735,"High(0.362-0.814)","Medium(691-1090)"
"1269",1051983,"High(0.362-0.814)","Medium(691-1090)"
"1270",1052724,"High(0.362-0.814)","Medium(691-1090)"
"1271",1053274,"High(0.362-0.814)","Medium(691-1090)"
"1272",1054731,"High(0.362-0.814)","Medium(691-1090)"
"1273",1055159,"High(0.362-0.814)","Medium(691-1090)"
"1274",1057062,"High(0.362-0.814)","Medium(691-1090)"
"1275",1057572,"High(0.362-0.814)","Medium(691-1090)"
"1276",1058699,"High(0.362-0.814)","Medium(691-1090)"
"1277",1059719,"High(0.362-0.814)","Medium(691-1090)"
"1278",1059964,"High(0.362-0.814)","Medium(691-1090)"
"1279",1060929,"High(0.362-0.814)","Medium(691-1090)"
"1280",1061438,"High(0.362-0.814)","Medium(691-1090)"
"1281",1061637,"High(0.362-0.814)","Medium(691-1090)"
"1282",1061687,"High(0.362-0.814)","Medium(691-1090)"
"1283",1062386,"High(0.362-0.814)","Medium(691-1090)"
"1284",1063190,"High(0.362-0.814)","Medium(691-1090)"
"1285",1063599,"High(0.362-0.814)","Medium(691-1090)"
"1286",1063640,"High(0.362-0.814)","Medium(691-1090)"
"1287",1065701,"High(0.362-0.814)","Medium(691-1090)"
"1288",1065877,"High(0.362-0.814)","Medium(691-1090)"
"1289",1066380,"High(0.362-0.814)","Medium(691-1090)"
"1290",1069998,"High(0.362-0.814)","Medium(691-1090)"
"1291",1074362,"High(0.362-0.814)","Medium(691-1090)"
"1292",1074393,"High(0.362-0.814)","Medium(691-1090)"
"1293",1074498,"High(0.362-0.814)","Medium(691-1090)"
"1294",1074624,"High(0.362-0.814)","Medium(691-1090)"
"1295",1077304,"High(0.362-0.814)","Medium(691-1090)"
"1296",1082425,"High(0.362-0.814)","Medium(691-1090)"
"1297",1085002,"High(0.362-0.814)","Medium(691-1090)"
"1298",1085569,"High(0.362-0.814)","Medium(691-1090)"
"1299",1085624,"High(0.362-0.814)","Medium(691-1090)"
"1300",1086356,"High(0.362-0.814)","Medium(691-1090)"
"1301",1088375,"High(0.362-0.814)","Medium(691-1090)"
"1302",1089544,"High(0.362-0.814)","Medium(691-1090)"
"1303",1089802,"High(0.362-0.814)","Medium(691-1090)"
"1304",1090090,"High(0.362-0.814)","Medium(691-1090)"
"1305",1091344,"High(0.362-0.814)","Medium(691-1090)"
"1306",1091855,"High(0.362-0.814)","Medium(691-1090)"
"1307",1092210,"High(0.362-0.814)","Medium(691-1090)"
"1308",1092658,"High(0.362-0.814)","Medium(691-1090)"
"1309",1093551,"High(0.362-0.814)","Medium(691-1090)"
"1310",1093838,"High(0.362-0.814)","Medium(691-1090)"
"1311",1095793,"High(0.362-0.814)","Medium(691-1090)"
"1312",1097713,"High(0.362-0.814)","Medium(691-1090)"
"1313",1097806,"High(0.362-0.814)","Medium(691-1090)"
"1314",1097828,"High(0.362-0.814)","Medium(691-1090)"
"1315",1098575,"High(0.362-0.814)","Medium(691-1090)"
"1316",1098589,"High(0.362-0.814)","Medium(691-1090)"
"1317",1098598,"High(0.362-0.814)","Medium(691-1090)"
"1318",1099143,"High(0.362-0.814)","Medium(691-1090)"
"1319",1099288,"High(0.362-0.814)","Medium(691-1090)"
